region,district,cereal_share,root_share,legume_share,avg_yield,size_log,num_crops,total_area,total_production,cluster,group_name
ASHANTI,Adansi  South (East),0.31119340772839715,0.6888065922716027,0.0,11.64655432610826,4.933203942300013,6,85744.04000000001,998622.6199999999,0,Root & tuber belt
ASHANTI,Adansi North,0.23715025992318495,0.762849740076815,0.0,12.827834508070044,4.899327785600301,6,79309.97,1017375.1699999999,0,Root & tuber belt
ASHANTI,Afigya Kwabre,0.25524653454610563,0.7405823963095679,0.0041710691443264565,11.06138520649827,4.774396879476747,8,59483.55,657970.4600000002,0,Root & tuber belt
ASHANTI,Ahafo Ano North,0.33830017708616983,0.6596396770246986,0.0020601458891314458,8.917336302735272,5.152094244783442,7,141936.55000000002,1265695.9500000002,0,Root & tuber belt
ASHANTI,Ahafo Ano South,0.2692484130971751,0.7307515869028249,0.0,10.761550534106627,5.256043417008683,6,180319.8,1940520.64,0,Root & tuber belt
ASHANTI,Amansie Central,0.25211254888414514,0.747887451115855,0.0,10.886711027027681,4.926874028987799,6,84503.37,919963.7700000001,0,Root & tuber belt
ASHANTI,Amansie West,0.2608752350251396,0.7391247649748603,0.0,13.918714043612798,4.727313070496463,6,53371.950000000004,742868.9100000001,0,Root & tuber belt
ASHANTI,Asante Akim North,0.4256229974333596,0.5723996739575868,0.0019773286090534583,9.366399073636934,5.125574425700281,7,133528.64,1250682.5299999998,0,Root & tuber belt
ASHANTI,Asante Akim South,0.21417533333391364,0.7858246666660864,0.0,10.88325908416468,5.101657835129114,6,126374.03,1375361.3099999998,0,Root & tuber belt
ASHANTI,Atwima Kwanwoma,0.30279203874661453,0.6972079612533855,0.0,11.4553059746287,4.5537049051216485,6,35785.32,409931.7899999999,0,Root & tuber belt
ASHANTI,Atwima Mponua,0.1908927027205601,0.80910729727944,0.0,10.291170843572575,5.040916990719119,6,109879.57999999999,1130789.53,0,Root & tuber belt
ASHANTI,Atwima Nwabiagya,0.2631575666392031,0.7352069909096224,0.0016354424511745105,10.817329059427436,5.024787229342596,8,105873.48999999999,1145268.38,0,Root & tuber belt
ASHANTI,Bekwai Municipal (Amansie East),0.2604177399725635,0.7395822600274364,0.0,14.609451227116546,4.764432073929691,6,58134.25,849309.4900000001,0,Root & tuber belt
ASHANTI,Bosome Freho,0.24961534282389375,0.7503846571761063,0.0,10.430988977446441,4.683270074969421,6,48224.76,503031.94000000006,0,Root & tuber belt
ASHANTI,Bosumtwe,0.27114677726534686,0.7194815294116492,0.009371693323003983,11.188946612375386,4.485063952212011,7,30553.71,341863.82999999996,0,Root & tuber belt
ASHANTI,Ejura Sekyedumase,0.48838870092842146,0.32153675423581163,0.1900745448357669,6.468966573356542,5.357123501805278,8,227574.45,1472171.5099999998,3,Northern cereal-legume
ASHANTI,Ejusu Juaben,0.253354679445019,0.7466453205549811,0.0,11.345559934588879,4.872697026072541,6,74592.81999999999,846297.3099999999,0,Root & tuber belt
ASHANTI,K. M. A.,0.23702580646029212,0.7629741935397079,0.0,10.087151119069174,3.87118808757584,6,7433.41,74981.93,0,Root & tuber belt
ASHANTI,Kwabre East,0.10456404012682903,0.8954359598731712,0.0,13.413031354290396,4.605779816333015,6,40344.079999999994,541136.41,0,Root & tuber belt
ASHANTI,Mampong Municipal (Sekyere West),0.3984018701223175,0.5709408954991917,0.030657234378490775,11.268602991932504,5.106047900035648,8,127657.95999999999,1438526.8699999999,0,Root & tuber belt
ASHANTI,Obuasi (Adansi West),0.33545665442607725,0.6645433455739228,0.0,9.708076740072261,3.6427107814479784,6,4392.49,42642.630000000005,1,Mixed transitional
ASHANTI,Obuasi Municipal (Adansi West),0.3125447810444761,0.6874552189555241,0.0,8.097873015907531,3.9636712130634484,6,9197.529999999999,74480.43,1,Mixed transitional
ASHANTI,Offinso,0.51490801220408,0.4669094376390002,0.01818255015691976,8.877320268709216,4.8962002641119255,8,78740.88,699008.0100000001,1,Mixed transitional
ASHANTI,Offinso North,0.4823348235529691,0.48914225539816225,0.028522921048868624,7.909322451462283,5.095351089187619,8,124552.11,985122.7999999999,1,Mixed transitional
ASHANTI,Sekyere Afram Plains,0.32271648943275566,0.6594950200342801,0.017788490532964267,10.0043340440726,4.5500347736176066,8,35484.18,354995.5900000001,0,Root & tuber belt
ASHANTI,Sekyere Central,0.35954608014857387,0.6124616251197331,0.027992294731692836,11.722203028369536,4.948420693021585,8,88801.58000000002,1040950.1499999999,0,Root & tuber belt
ASHANTI,Sekyere East,0.41461691749811247,0.5792551042582764,0.0061279782436110776,16.710969283620464,4.790346889996683,8,61708.770000000004,1031213.3600000001,0,Root & tuber belt
ASHANTI,Sekyere South,0.3408785995450565,0.6542209191795287,0.004900481275414913,9.97477088850941,4.861686775493647,8,72725.51,725420.2999999999,0,Root & tuber belt
BRONG AHAFO,Asunafo North,0.3341338980928427,0.6658661019071573,0.0,9.44564608683387,4.934128840702086,6,85926.84,811634.52,0,Root & tuber belt
BRONG AHAFO,Asunafo South,0.1308379113740621,0.8691620886259378,0.0,15.209536540319567,5.261985266822249,6,182803.82,2780361.380000001,0,Root & tuber belt
BRONG AHAFO,Asutifi,0.11658396556088328,0.8834160344391165,0.0,13.71293964417674,5.250652117027228,6,178095.16000000003,2442208.18,0,Root & tuber belt
BRONG AHAFO,Asutifi North,0.09596789604433403,0.9040321039556659,0.0,13.758945155742406,4.417720739075684,6,26165.0,360002.80000000005,0,Root & tuber belt
BRONG AHAFO,Asutifi South,0.11621483810656921,0.8837851618934308,0.0,13.901624033313505,4.371695749117709,6,23534.0,327160.82,0,Root & tuber belt
BRONG AHAFO,Atebubu -Amantin,0.06250894976703687,0.8944396506996664,0.043051399533296945,17.74990993313383,5.271067245357055,8,186666.86999999997,3313320.1300000004,0,Root & tuber belt
BRONG AHAFO,Banda,0.05910937624472238,0.9089460686688441,0.03194455508643352,16.44674101808333,4.098747528824818,6,12553.0,206455.94000000003,0,Root & tuber belt
BRONG AHAFO,Berekum,0.4333998099831827,0.5666001900168172,0.0,9.71739739530411,5.1607616934755765,5,144797.71000000002,1407056.8900000001,1,Mixed transitional
BRONG AHAFO,Dormaa,0.6424964301884164,0.3575035698115836,0.0,7.991624699613415,4.458078570949283,4,28713.0,229463.52,1,Mixed transitional
BRONG AHAFO,Dormaa East,0.5404655215011117,0.4595344784988882,0.0,11.05706340021412,5.0620345410942065,5,115354.50000000001,1275482.02,1,Mixed transitional
BRONG AHAFO,Dormaa Municipal,0.5229414161901645,0.47705858380983546,0.0,7.706033815991262,5.118931334217093,6,131501.69,1013356.47,1,Mixed transitional
BRONG AHAFO,Dormaa West,0.49340735600277585,0.5065926439972241,0.0,8.843827470239685,4.272607333120826,6,18733.0,165671.42,1,Mixed transitional
BRONG AHAFO,Jaman North,0.19979281299556126,0.8002071870044386,0.0,12.928316741506622,4.871045391105884,5,74309.68000000001,960699.0799999998,0,Root & tuber belt
BRONG AHAFO,Jaman South,0.2302592031696063,0.7697407968303938,0.0,12.000340927106533,5.1235325295622545,5,132902.31,1594873.0299999998,0,Root & tuber belt
BRONG AHAFO,Kintampo North,0.6103151750727095,0.32333944707782575,0.06634537784946484,7.2550372934081135,5.3332565057839725,9,215405.36,1562773.9200000002,3,Northern cereal-legume
BRONG AHAFO,Kintampo South,0.4272835769440417,0.5727164230559582,0.0,13.417264138747079,5.084918002914608,5,121595.64000000001,1631480.82,0,Root & tuber belt
BRONG AHAFO,Nkoranza North,0.5716006485135687,0.428399351486431,0.0,8.40103514727288,5.241604971940668,6,174423.49000000005,1465337.87,1,Mixed transitional
BRONG AHAFO,Nkoranza South,0.5081069255264843,0.36951562031552593,0.12237745415798984,8.162324750026336,5.198570879190277,8,157968.63999999998,1289391.34,3,Northern cereal-legume
BRONG AHAFO,Pru,0.10690606081649086,0.8281685159120922,0.06492542327141707,15.359400114494573,5.151373037718199,5,141701.03999999998,2176442.9699999997,0,Root & tuber belt
BRONG AHAFO,Sene,0.1929863309020621,0.7646093819278177,0.042404287170120195,14.596839513171158,5.336849863221991,5,217195.02000000002,3170360.85,0,Root & tuber belt
BRONG AHAFO,Sene East,0.24767173167145157,0.6877319515440096,0.06459631678453889,14.06195784608921,4.455788614818158,5,28562.0,401637.64,0,Root & tuber belt
BRONG AHAFO,Sene West,0.174294625371727,0.7886414738521796,0.03706390077609342,15.814702255748168,4.440499771253411,5,27574.0,436074.6,0,Root & tuber belt
BRONG AHAFO,Sunyani,0.7391724769708382,0.2608275230291618,0.0,6.113689755203827,4.293340452648696,3,19649.0,120127.89,2,Other
BRONG AHAFO,Sunyani Municipal,0.611881915295701,0.3881180847042991,0.0,6.410752986739133,4.990404882068231,5,97814.87,627066.97,1,Mixed transitional
BRONG AHAFO,Sunyani West,0.6653496917586431,0.334650308241357,0.0,5.9508333792303905,5.212793621675553,5,163227.61,971340.3100000002,1,Mixed transitional
BRONG AHAFO,Tain,0.10362638391202147,0.8547570359973464,0.04161658009063201,14.908423312053436,4.99062243019753,7,97863.88,1458996.1500000001,0,Root & tuber belt
BRONG AHAFO,Tano North,0.390622382528909,0.609377617471091,0.0,10.076151835645542,4.870059728104506,6,74141.22,747058.19,1,Mixed transitional
BRONG AHAFO,Tano South,0.26211571059701805,0.737884289402982,0.0,13.646179108805704,5.038139549727551,6,109179.11,1489877.69,0,Root & tuber belt
BRONG AHAFO,Techiman,0.3112014900775029,0.6701799015920399,0.018618608330457177,12.339275674910331,5.1744879569946445,7,149447.26,1844070.94,0,Root & tuber belt
BRONG AHAFO,Techiman Municipal,0.27859788221793336,0.6969902456835846,0.02441187209848208,13.09584424391007,4.28264476718974,7,19171.0,251060.42999999996,0,Root & tuber belt
BRONG AHAFO,Techiman North,0.30336453795532486,0.6815738251923256,0.015061636852349616,12.871466308276949,4.334011188761349,6,21578.0,277740.5,0,Root & tuber belt
BRONG AHAFO,Wenchi,0.36653062203107156,0.5744296130002317,0.05903976496869672,11.272871089537897,5.202284363286108,7,159325.16,1796051.99,0,Root & tuber belt
BRONG AHAFO,Wenchi Municipal,0.3001556462000859,0.6248121511378274,0.07503220266208674,12.378624141262344,4.571289471190606,7,37264.0,461277.05,0,Root & tuber belt
CENTRAL,Abura-Asebu-Kwamankese,0.3881573696461937,0.6118426303538061,0.0,5.6450700538542256,4.794278517002389,6,62269.950000000004,351518.23,1,Mixed transitional
CENTRAL,Agona East,0.3384272915901767,0.6615727084098233,0.0,8.900267762554222,4.522225335665073,6,33283.22,296229.56999999995,1,Mixed transitional
CENTRAL,Agona West,0.3270044388065572,0.6729955611934428,0.0,10.431992355903532,3.987311803931365,5,9712.07,101316.24,1,Mixed transitional
CENTRAL,Agona West (Swedru),0.3446428670214956,0.6553571329785043,0.0,8.257767749081529,4.211357388842977,5,16268.87,134344.55000000002,1,Mixed transitional
CENTRAL,Ajumako-Enyan-Esiam,0.3616298689271831,0.6383701310728168,0.0,10.362966289052832,4.8053113991988825,5,63872.130000000005,661904.7300000001,1,Mixed transitional
CENTRAL,Asikuma-Odoben-Brakwa,0.437227254344224,0.5627727456557758,0.0,8.749121727794835,4.703215520457822,6,50491.18000000001,441753.48000000004,1,Mixed transitional
CENTRAL,Assin North,0.5376400641292538,0.46235993587074625,0.0,7.4680825396838015,5.002745857419371,6,100634.26,751544.96,1,Mixed transitional
CENTRAL,Assin South,0.39803735346906033,0.6019626465309396,0.0,15.263610639723389,4.708588721248036,6,51119.75000000001,780271.9599999998,0,Root & tuber belt
CENTRAL,Awutu-Senya,0.2894409305188535,0.7105590694811466,0.0,11.444241237334698,5.231025613498514,4,170225.88999999998,1948106.15,0,Root & tuber belt
CENTRAL,Cape Coast,0.4318949835492609,0.5681050164507391,0.0,11.702554540813857,4.82668530257923,3,67094.25,785174.1200000001,1,Mixed transitional
CENTRAL,Effutu (Winneba),0.3784356831116002,0.6215643168883999,0.0,9.959183502570964,4.862395693527723,4,72844.31999999999,725469.9500000001,1,Mixed transitional
CENTRAL,Gomoa East,0.6234106697523449,0.3765893302476551,0.0,8.585072893636431,4.337846259847453,5,21769.39,186891.8,1,Mixed transitional
CENTRAL,Gomoa West,0.49891548638251404,0.5010845136174858,0.0,8.439053268400697,4.496371622413445,4,31359.680000000004,264646.01,1,Mixed transitional
CENTRAL,Komenda-Edina-Eguafo-Abirem,0.4010733537967909,0.598926646203209,0.0,11.672479954184901,5.165118026919743,3,146257.46000000002,1707187.2700000003,1,Mixed transitional
CENTRAL,Mfantsiman,0.39230604162365545,0.6076939583763447,0.0,9.14058564747481,4.958872509612319,3,90964.62,831469.8999999999,1,Mixed transitional
CENTRAL,Twifo-Herman/L. Denkyira,0.30677456379970997,0.69322543620029,0.0,13.032944283794688,4.879311366898872,6,75737.57,987083.5300000001,0,Root & tuber belt
CENTRAL,Upper Denkyira East,0.37571464517670083,0.6242853548232992,0.0,8.751297895732089,4.70030782700587,6,50154.259999999995,438914.87,1,Mixed transitional
CENTRAL,Upper Denkyira West,0.306859249454359,0.6931407505456411,0.0,9.418118364751,4.934288979895869,6,85958.53,809567.6099999999,0,Root & tuber belt
EASTERN,Afram Plains,0.31783505840283605,0.5910756035265656,0.09108933807059841,14.601005678862316,5.490574684007867,8,309438.74,4518116.8,0,Root & tuber belt
EASTERN,Akuapim North,0.3923195777882871,0.6076804222117129,0.0,16.041458000180377,5.038283681883363,5,109215.35,1751973.45,0,Root & tuber belt
EASTERN,Akuapim South,0.41666970987383717,0.579306108361692,0.004024181764470683,13.978146250165306,4.808555097665773,6,64350.97,899507.2700000001,0,Root & tuber belt
EASTERN,Akyemansa,0.3258435392915313,0.6741564607084687,0.0,11.810708264477846,5.032367780548194,6,107737.72,1272458.78,0,Root & tuber belt
EASTERN,Asuogyaman,0.37342675993541014,0.6265732400645899,0.0,14.592039648944468,5.0372601591939645,5,108958.26,1589923.25,0,Root & tuber belt
EASTERN,Atiwa,0.26410127248250737,0.7358987275174926,0.0,16.389021352308788,5.086181128011653,6,121949.81,1998638.0399999998,0,Root & tuber belt
EASTERN,Ayensuano,0.2978215832757863,0.7021784167242137,0.0,15.039910226630674,4.202188512266052,5,15929.0,239570.73,0,Root & tuber belt
EASTERN,Birim Central,0.40698325107963523,0.5930167489203648,0.0,12.11127173199792,5.09348731470786,6,124018.74,1502024.66,0,Root & tuber belt
EASTERN,Birim North,0.3384824312694944,0.6615175687305057,0.0,12.4479042187961,4.884623990493005,6,76669.73999999999,954377.5800000001,0,Root & tuber belt
EASTERN,Birim South,0.4014062650534933,0.5985937349465066,0.0,12.34947040039417,4.954201828617605,6,89991.57,1111348.23,0,Root & tuber belt
EASTERN,Denkyembour,0.2853072466521037,0.7146927533478963,0.0,12.048585810618292,4.022387125686438,6,10529.0,126859.56,0,Root & tuber belt
EASTERN,East Akim,0.2829087037575105,0.7170912962424896,0.0,12.844701545362618,4.995709281548589,6,99016.88999999998,1271842.4000000001,0,Root & tuber belt
EASTERN,Fanteakwa,0.2866629601596023,0.6997489496914188,0.013588090148978892,13.04754812574819,5.435098468204555,8,272331.87,3553263.1799999997,0,Root & tuber belt
EASTERN,Kwaebibirem,0.31846308292972836,0.6815369170702716,0.0,11.655870505193056,5.026146353602601,6,106205.34,1237915.6900000002,0,Root & tuber belt
EASTERN,Kwahu Afram Plains North,0.30784724679495906,0.6037725577723945,0.08838019543264651,15.712967963199873,4.5651273310554625,8,36739.0,577278.7300000001,0,Root & tuber belt
EASTERN,Kwahu Afram Plains South,0.30782938217580585,0.6037940134888232,0.08837660433537094,15.713053932736335,4.646727120863103,8,44333.0,696606.82,0,Root & tuber belt
EASTERN,Kwahu East,0.22676042690350412,0.7212055518050465,0.052034021291449295,10.846887079334937,4.796155515849588,7,62539.66,678360.63,0,Root & tuber belt
EASTERN,Kwahu South,0.260170405959625,0.697256282207538,0.04257331183283715,10.528785091720257,4.902271222021087,7,79849.31999999999,840716.3300000001,0,Root & tuber belt
EASTERN,Kwahu West,0.24407648781993688,0.7559235121800632,0.0,16.76667808338283,4.910474510080966,6,81371.91,1364336.62,0,Root & tuber belt
EASTERN,Lower Manya Krobo,0.5214448246403082,0.47588122821846857,0.0026739471412234274,11.2373557051227,4.742785991095088,7,55307.74999999999,621512.86,1,Mixed transitional
EASTERN,New Juaben,0.4474388592691387,0.5494734614779205,0.0030876792529408712,11.277081980906965,4.7344344846894515,6,54254.34,611830.64,1,Mixed transitional
EASTERN,Nsawam Adoagyiri,0.3830528148578062,0.6109498935964404,0.005997291545753531,15.555516540917004,4.0144365278316725,6,10338.0,160812.93,0,Root & tuber belt
EASTERN,Suhum Kraboa Coaltar,0.3072576247403581,0.6927423752596419,0.0,14.414692833305184,5.0661891290169585,5,116463.31,1678782.8399999999,0,Root & tuber belt
EASTERN,Upper Manya Krobo,0.5144287934755464,0.482695162384497,0.0028760441399566876,11.34212950969685,4.933743132392878,7,85850.56,973728.17,1,Mixed transitional
EASTERN,Upperwest Akim,0.32856316094070603,0.671436839059294,0.0,16.112250749723785,4.278913574715962,6,19007.0,306245.55,0,Root & tuber belt
EASTERN,West Akim,0.34824196397553087,0.6517580360244691,0.0,15.224652442970497,5.238399043601066,6,173140.65,2636006.2199999997,0,Root & tuber belt
EASTERN,Yilo Krobo,0.37520530210464426,0.6238936782557316,0.000901019639624247,10.837152203654696,5.049759080100421,7,112139.62,1215274.1300000001,0,Root & tuber belt
GREATER ACCRA,A.M.A,0.96345084900632,0.036549150993680043,0.0,1.6304728546409806,2.1183639442634408,2,131.32999999999998,214.12999999999997,2,Other
GREATER ACCRA,Adenta-Madina,0.8766859344894028,0.1233140655105973,0.0,2.088535645472062,2.4933186082321015,2,311.4,650.37,2,Other
GREATER ACCRA,Adentan,0.8698533750964637,0.13014662490353623,0.0,2.166280811657361,2.342994782927477,2,220.29000000000002,477.21000000000004,2,Other
GREATER ACCRA,Ashaiman,1.0000000000000002,0.0,0.0,2.3978502210932358,2.628552398380802,2,425.15999999999997,1019.47,2,Other
GREATER ACCRA,Dangbe West,0.714850104292512,0.28514989570748805,0.0,9.116224607992613,4.512394725519157,3,32538.29,296626.36,1,Mixed transitional
GREATER ACCRA,Dangme East,0.11564541355595778,0.8843545864440422,0.0,10.09678761400238,4.219720189306362,2,16585.18,167457.04,1,Mixed transitional
GREATER ACCRA,Ga East,0.6803777270245539,0.3196222729754462,0.0,6.319514614621544,3.4151102961744133,3,2600.8199999999997,16435.920000000002,2,Other
GREATER ACCRA,Ga South,0.3765763827148608,0.6234236172851391,0.0,10.973617001998969,3.5479985615536735,2,3531.8200000000006,38756.840000000004,1,Mixed transitional
GREATER ACCRA,Ga West,0.3781591327890961,0.621840867210904,0.0,12.079325502630253,3.9873936283040203,3,9713.9,117337.36,1,Mixed transitional
GREATER ACCRA,Ledzokuku-Krowor,0.9367088607594937,0.06329113924050633,0.0,1.154638201398073,2.024731889655249,2,105.86,122.23,2,Other
GREATER ACCRA,Tema,0.46221123068699244,0.5377887693130076,0.0,7.079950538091466,3.191090350023185,2,1552.71,10993.11,2,Other
NORTHERN,Bole,0.476418164774161,0.3627690077421582,0.16081282748368075,5.9748306938110165,4.9838010971826625,9,96338.77,575607.84,3,Northern cereal-legume
NORTHERN,Bunkpurugu/Yunyoo,0.3810271563429458,0.15672261735419632,0.46225022630285784,2.44535794646321,4.888348010178049,9,77330.0,189099.53000000003,3,Northern cereal-legume
NORTHERN,Central Gonja,0.27876104566446314,0.5140067394764677,0.2072322148590692,7.432012468345598,5.046955943106894,9,111418.15,828061.0800000001,3,Northern cereal-legume
NORTHERN,Chereponi,0.507345343500282,0.17383548352767153,0.31881917297204654,3.2249269103836773,4.710956612978624,9,51399.229999999996,165758.76,3,Northern cereal-legume
NORTHERN,East Gonja,0.21953815137375562,0.5131065736197943,0.2673552750064501,7.9108352214330075,5.287515493765073,9,193872.18,1533690.8699999999,3,Northern cereal-legume
NORTHERN,East Mamprusi,0.3531456236549435,0.22388205308530607,0.42297232325975037,3.5455386906551123,5.11420445182405,9,130078.18000000001,461197.22000000003,3,Northern cereal-legume
NORTHERN,Gushiegu,0.405014612436042,0.21436018369693347,0.38062520386702464,3.860599795181075,5.180523643238715,9,151538.72999999998,585030.3900000001,3,Northern cereal-legume
NORTHERN,Karaga,0.49633452398176303,0.11611095974591386,0.38755451627232307,2.8037649908092264,5.100375267182686,9,126001.37000000001,353278.23,3,Northern cereal-legume
NORTHERN,Kpandai,0.2365663071518163,0.6506919889253961,0.11274170392278747,10.091167099666695,5.102345465642791,9,126574.28,1277282.2100000002,0,Root & tuber belt
NORTHERN,Kumbungu,0.7235361653272101,0.12629161882893225,0.15017221584385765,2.370126291618829,4.241048150671644,9,17420.0,41287.6,3,Northern cereal-legume
NORTHERN,Mamprugu Moagduri,0.43671731921001833,0.05543731129040241,0.5078453694995793,2.1489768846210957,4.305415863838036,9,20203.0,43415.78,3,Northern cereal-legume
NORTHERN,Mion,0.46914617570740147,0.22681329544050413,0.3040405288520944,3.4746123810700604,4.607079544728571,9,40465.0,140600.19,3,Northern cereal-legume
NORTHERN,Nanumba North,0.22161750789294696,0.586894507471321,0.1914879846357321,13.142113174573849,5.352704785679539,9,225270.74,2960533.56,0,Root & tuber belt
NORTHERN,Nanumba South,0.25037205403822466,0.5324461015543552,0.2171818444074201,12.007458729751816,5.304730206826944,9,201711.29,2422039.99,0,Root & tuber belt
NORTHERN,North Gonja,0.27057569296375267,0.2025586353944563,0.5268656716417911,3.638592750533049,3.6711728427150834,9,4690.0,17065.0,3,Northern cereal-legume
NORTHERN,Saboba,0.3776954785389923,0.3252488112283299,0.29705571023267774,5.19847764380806,4.946483607759819,9,88406.38,459578.59,3,Northern cereal-legume
NORTHERN,Sagnerigu,0.7816901408450704,0.06796333556896937,0.1503465235859602,2.1786262016543705,3.9516288938366384,9,8946.0,19489.989999999998,3,Northern cereal-legume
NORTHERN,Savelugu/Nanton,0.46698514973428135,0.20922370814739397,0.3237911421183246,4.3749374615143735,5.3759445070615115,9,237653.66,1039719.8999999999,3,Northern cereal-legume
NORTHERN,Sawla/Tuna/Kalba,0.5579557114788785,0.24789880544712375,0.19414548307399784,5.555636028282406,5.25485316028359,9,179826.28,999049.3599999999,3,Northern cereal-legume
NORTHERN,Tamale Metro,0.581409973671115,0.21812306803949616,0.2004669582893888,3.581615578158504,5.343736190211509,9,220666.39,790342.1799999999,3,Northern cereal-legume
NORTHERN,Tatale Sanguli,0.4179836367028223,0.4382645310875996,0.14375183220957813,7.008077712336433,4.574297553357371,9,37523.0,262964.1,3,Northern cereal-legume
NORTHERN,Tolon,0.49857768866603647,0.2405453676121436,0.2608769437218199,4.743785852655634,4.629442118997758,9,42603.19,202100.41,3,Northern cereal-legume
NORTHERN,Tolon/Kumbungu,0.6083493634504875,0.18167711866719333,0.20997351788231888,3.915705927337837,5.347214194518802,9,222440.67000000004,871012.25,3,Northern cereal-legume
NORTHERN,West Gonja,0.24948746091575366,0.5330244441840817,0.21748809490016474,12.566178998309454,5.395698032033059,9,248712.74,3125368.8099999996,0,Root & tuber belt
NORTHERN,West Mamprusi,0.44642239530135686,0.20755411474173302,0.34602348995691,3.254704861739426,5.306503879691165,9,202536.77000000002,659197.4099999999,3,Northern cereal-legume
NORTHERN,Yendi,0.3590452446049695,0.23645893065289186,0.4044958247421387,5.723851051673847,5.426468854585831,9,266973.93,1528119.01,3,Northern cereal-legume
NORTHERN,Zabzugu,0.41834348418266387,0.44129211317554545,0.14036440264179065,7.028026623493433,4.5900947140528165,9,38913.0,273481.6,3,Northern cereal-legume
NORTHERN,Zabzugu/Tatale,0.4881205121252388,0.39207752388997874,0.11980196398478246,8.202157069656488,5.2203777901037585,9,166103.12,1362403.88,3,Northern cereal-legume
UPPER EAST,Bawku Municipal,0.6413590919014371,0.0,0.35864090809856286,1.2975783345256506,5.315571849609611,7,206810.15,268352.37,3,Northern cereal-legume
UPPER EAST,Bawku West,0.6521677856124614,0.0,0.34783221438753864,1.3253273397299987,5.351915972540621,7,224861.95,298015.69,3,Northern cereal-legume
UPPER EAST,Binduri,0.7844662872737899,0.0,0.2155337127262102,1.5804952155078258,4.4502404839461445,7,28199.44,44569.08,3,Northern cereal-legume
UPPER EAST,Bolgatanga Municipal,0.6510282523618653,0.0,0.3489717476381348,1.266193938274062,4.926470040477135,7,84424.79999999999,106898.17,3,Northern cereal-legume
UPPER EAST,Bongo,0.6462020574572572,0.0,0.3537979425427428,1.131028384808827,4.956429553186331,7,90454.37,102306.46,3,Northern cereal-legume
UPPER EAST,Builsa,0.7524228814415821,0.0,0.24757711855841785,1.3573559704986626,5.007806177722942,7,101813.69,138197.41999999998,3,Northern cereal-legume
UPPER EAST,Builsa North,0.8063284428635591,0.0,0.1936715571364411,1.6480129071259237,4.625471320165587,7,42215.439999999995,69571.59,3,Northern cereal-legume
UPPER EAST,Builsa South,0.7905132815786895,0.0,0.20948671842131045,1.4720507633521793,3.841387004102506,7,6940.4400000000005,10216.68,3,Northern cereal-legume
UPPER EAST,Garu Tempane,0.7258445325918046,0.0,0.2741554674081954,1.249369474329818,5.291814705889285,7,195800.91,244627.68000000002,3,Northern cereal-legume
UPPER EAST,Kassena Nankana East,0.6601549105731365,0.0,0.3398450894268636,1.2374638366343618,4.828453009685666,7,67367.9,83365.34000000001,3,Northern cereal-legume
UPPER EAST,Kassena Nankana Municipal,0.7392147001507984,0.0,0.2607852998492018,1.9931149120238758,4.405029276082804,7,25411.44,50647.92,3,Northern cereal-legume
UPPER EAST,Kassena Nankana West,0.6667272413555697,0.0,0.33327275864443023,1.2535961900843937,4.769565258105081,7,58825.45,73743.36,3,Northern cereal-legume
UPPER EAST,Nabdam,0.9080328356838522,0.0,0.09196716431614786,0.8908663721545346,4.130488800035672,5,13504.82,12030.990000000002,2,Other
UPPER EAST,Pusiga,0.634570850357256,0.0,0.36542914964274387,1.4565875000337998,4.413091621758985,7,25887.59,37707.53999999999,3,Northern cereal-legume
UPPER EAST,Talensi,0.9309241094475994,0.0,0.06907589055240063,2.2503107898812593,3.9860996250551297,5,9685.0,21794.26,2,Other
UPPER EAST,Talensi Nabdam,0.6543503475818492,0.0,0.3456496524181507,0.997481736681867,4.846528481232476,7,70230.94,70054.08,3,Northern cereal-legume
UPPER WEST,Dafiama-Bussie-Issa,0.5342827107081137,0.10980541664333697,0.35591187264854945,3.9017000590739537,4.678390803371292,8,47685.99,186056.42999999996,3,Northern cereal-legume
UPPER WEST,Jirapa,0.5119720027397653,0.021609426123760298,0.4664185711364742,1.2567394032044024,5.318070037244155,8,208003.21000000002,261405.83,3,Northern cereal-legume
UPPER WEST,Lambussie-Karni,0.5267068071170611,0.02112237290833937,0.4521708199745996,0.8685803207534865,5.106828505183006,8,127887.62,111080.66999999998,3,Northern cereal-legume
UPPER WEST,Lawra,0.8658340255337713,0.0,0.13416597446622874,1.1230146763973878,5.313735351919477,7,205937.46,231270.79,3,Northern cereal-legume
UPPER WEST,Nadowli,0.4246210636269066,0.061816723237180064,0.5135622131359134,2.3952734187102847,5.550886733538415,8,355538.57999999996,851612.11,3,Northern cereal-legume
UPPER WEST,Nandom,0.8271887684929662,0.0,0.1728112315070337,1.220367013597322,4.466451506286709,7,29271.940000000002,35722.509999999995,3,Northern cereal-legume
UPPER WEST,Sissala East,0.5085613154163475,0.13246606901054528,0.35897261557310717,3.6568735843170113,5.131797669683573,8,135455.82,495344.80999999994,3,Northern cereal-legume
UPPER WEST,Sissala West,0.5017034091330714,0.06531517865936189,0.43298141220756664,2.546164407657112,5.326567020239383,8,212112.87,540074.24,3,Northern cereal-legume
UPPER WEST,Wa East,0.4133413447411004,0.14093640931092005,0.4457222459479796,3.786677797560644,5.331213194278313,8,214394.28,811842.0599999999,3,Northern cereal-legume
UPPER WEST,Wa Municipal,0.38896859743598405,0.13028870304634152,0.4807426995176744,4.221520336358755,5.370555998808269,8,234723.19,990888.72,3,Northern cereal-legume
UPPER WEST,Wa West,0.3440065575221484,0.13204812412570097,0.5239453183521504,2.790223578309762,5.394637109495176,8,248105.91000000003,692270.9599999998,3,Northern cereal-legume
VOLTA,Adaklu,0.6867537508681464,0.31324624913185356,0.0,6.986606760600899,3.62369989558639,6,4204.360000000001,29374.21,2,Other
VOLTA,Adaklu Anyigbe,0.6349866135977853,0.3650133864022149,0.0,6.938041167941404,4.294857796433895,6,19717.769999999997,136802.69999999995,1,Mixed transitional
VOLTA,Afadzato South,0.5226706472865683,0.4773293527134317,0.0,10.733353853864761,4.041919835487898,6,11013.36,118210.29000000001,1,Mixed transitional
VOLTA,Agortime-Ziope,0.5979899497487438,0.4020100502512563,0.0,8.616477626226368,3.621072371143626,6,4179.0,36008.259999999995,1,Mixed transitional
VOLTA,Akatsi,0.46499983313296356,0.46147583416055404,0.07352433270648244,8.325513348974855,4.41109790257554,4,25769.02,214540.32,1,Mixed transitional
VOLTA,Akatsi North,0.6864181815359299,0.3135818184640701,0.0,8.340701988605494,3.71209048217627,3,5153.36,42982.64,2,Other
VOLTA,Akatsi South,0.5906580958305493,0.27071861392069674,0.13862329024875394,7.433520340375857,3.7167009948785052,4,5208.36,38716.45,2,Other
VOLTA,Biakoye,0.3776293956156846,0.6223706043843155,0.0,11.361153358092864,4.91258252547045,6,81767.84,928976.97,0,Root & tuber belt
VOLTA,Central Tongu,0.6123101518784972,0.3876898481215028,0.0,9.671374900079936,3.5743785644130823,3,3753.0,36296.67,2,Other
VOLTA,Ho Municipal,0.3824752982580265,0.6175247017419736,0.0,9.916893700802078,4.683785431609688,6,48282.02,478807.6599999999,1,Mixed transitional
VOLTA,Ho West,0.3703472347440818,0.6296527652559182,0.0,12.090033422632077,3.7931867009542324,6,6211.360000000001,75095.54999999999,1,Mixed transitional
VOLTA,Hohoe Municipal,0.5961107650341678,0.40388923496583223,0.0,7.282275103347929,5.148158077452163,6,140655.94,1024295.2500000001,1,Mixed transitional
VOLTA,Jasikan,0.35565634968858445,0.6443436503114156,0.0,11.489105483644844,5.010300550401393,6,102400.14,1176486.0099999998,0,Root & tuber belt
VOLTA,Kadjebi,0.4339428903341201,0.56605710966588,0.0,8.967835888609391,4.925424622116504,6,84221.81999999999,755287.4600000001,1,Mixed transitional
VOLTA,Keta Municipal,0.3839105181185608,0.48292092778404533,0.13316855409739384,5.998913357886001,4.15256076342065,4,14208.91,85238.01999999997,1,Mixed transitional
VOLTA,Ketu North,0.541274191558253,0.4587258084417471,0.0,10.291391730060601,4.9425516479046445,3,87609.59,901624.61,1,Mixed transitional
VOLTA,Ketu South,0.3702502053037741,0.6297497946962259,0.0,10.21713813110526,4.312658158109902,3,20542.73,209887.90999999997,1,Mixed transitional
VOLTA,Kpando Municipal,0.5811031366483974,0.41889686335160253,0.0,8.06064828343157,3.7491455206954236,6,5612.36,45239.26,1,Mixed transitional
VOLTA,Kpando Municipal (North Dayi),0.48281153839844904,0.5171884616015509,0.0,7.307478294574114,4.51746431194003,6,32920.340000000004,240564.67,1,Mixed transitional
VOLTA,Krachi East,0.20581703160618361,0.7432169790552274,0.050965989338588986,12.716568297236227,5.078070022264962,8,119693.35,1522088.66,0,Root & tuber belt
VOLTA,Krachi Nchumuru,0.250219730358327,0.7497802696416729,0.0,15.934462445939989,4.100589705120318,6,12606.36,200875.57000000004,0,Root & tuber belt
VOLTA,Krachi West,0.2516854276131126,0.6877817148949152,0.06053285749197221,12.298783500499066,5.125284178164891,9,133439.43,1641142.6600000001,0,Root & tuber belt
VOLTA,Nkwanta North,0.41372916888237754,0.5402103054849943,0.04606052563262798,10.356132801841992,4.86922039271367,9,73998.07,766333.84,0,Root & tuber belt
VOLTA,Nkwanta South,0.42566647991874607,0.511715239747619,0.062618280333635,9.569169221814498,4.8761113329814485,9,75181.56,719425.07,0,Root & tuber belt
VOLTA,North Dayi,0.48101980222314916,0.5189801977768507,0.0,9.428483792604224,3.689340830546667,6,4890.360000000001,46108.68,1,Mixed transitional
VOLTA,North Tongu,0.602281096227714,0.38960873368696236,0.008110170085323838,8.212812498966267,4.521834881013209,4,33253.31,273103.19999999995,1,Mixed transitional
VOLTA,South Dayi,0.607346902338868,0.39265309766113193,0.0,7.170644131008352,4.383749319483653,6,24196.32,173503.2,1,Mixed transitional
VOLTA,South Tongu,0.6319384382480722,0.3631788117710709,0.004882749980856883,7.368550809596914,4.503317193811746,4,31865.24,234800.63999999998,1,Mixed transitional
WESTERN,Ahanta West,0.24004741957715178,0.7599525804228483,0.0,9.005151525608152,4.4914778170583265,6,31008.29,279234.35000000003,0,Root & tuber belt
WESTERN,Akontombra,0.24157779907072027,0.7584222009292797,0.0,6.916480287026331,5.036544543031152,6,108778.87,752366.9099999999,0,Root & tuber belt
WESTERN,Amenfi  Central,0.3481178873650423,0.6518821126349577,0.0,7.4708578932010505,3.835944100093848,6,6854.0,51205.26,1,Mixed transitional
WESTERN,Amenfi  West,0.3316076294277929,0.6683923705722071,0.0,7.413344232515895,4.0417873189717515,6,11010.0,81620.92,1,Mixed transitional
WESTERN,Amenfi  West (Wassa Amenfi),0.3987948711838911,0.6012051288161089,0.0,6.637732913467421,4.816032523248278,6,65468.52,434562.55000000005,1,Mixed transitional
WESTERN,Amenfi East,0.3370170063980344,0.6629829936019658,0.0,7.191498013573089,4.9206073053038155,6,83292.76999999999,598999.79,1,Mixed transitional
WESTERN,Aowin,0.2908665427765159,0.7091334572234841,0.0,8.671056163534999,4.463265719430183,6,29058.0,251963.55,1,Mixed transitional
WESTERN,Aowin -Suaman,0.28692581089461794,0.713074189105382,0.0,7.182332769964917,5.183470227910068,6,152570.38,1095811.24,0,Root & tuber belt
WESTERN,Bia,0.4279346539129309,0.572065346087069,0.0,4.898903364211519,4.927775618088051,6,84678.98000000001,414834.14,1,Mixed transitional
WESTERN,Bia East,0.318263063820839,0.681736936179161,0.0,6.188761434128903,3.978226181674526,6,9511.0,58861.31,1,Mixed transitional
WESTERN,Bia West,0.39243403338718363,0.6075659666128164,0.0,6.380074717285945,4.171901890731724,6,14856.0,94782.39,1,Mixed transitional
WESTERN,Bibiani-Anhwiaso-Bekwai,0.22187879696530038,0.7781212030346996,0.0,8.085611856835149,5.1831950531574105,6,152473.74000000002,1232843.48,0,Root & tuber belt
WESTERN,Bodi,0.3141056713523994,0.6858943286476006,0.0,6.706966190014541,4.217589214965095,6,16504.0,110691.76999999999,1,Mixed transitional
WESTERN,Ellembele,0.2995016233108056,0.7004983766891945,0.0,7.034056780012538,4.4091090413022975,6,25651.28,180432.56,1,Mixed transitional
WESTERN,Jomoro,0.28348073166594023,0.7165192683340595,0.0,9.145242224017462,4.56424955723839,6,36664.82000000001,335308.66,0,Root & tuber belt
WESTERN,Juabeso,0.3526731511456081,0.6473268488543918,0.0,6.8530889783723286,5.183347554083357,6,152527.29,1045283.09,1,Mixed transitional
WESTERN,Mporhor Wassa East,0.20866465391909342,0.7913353460809066,0.0,7.481254869706575,4.71346668564314,6,51697.159999999996,386759.62999999995,0,Root & tuber belt
WESTERN,Nzema East,0.24920175042997772,0.7507982495700223,0.0,10.103417390232341,4.582125546700908,6,38205.47,386005.81,0,Root & tuber belt
WESTERN,Prestea Huni-Valley,0.48405527635153717,0.5159447236484628,0.0,7.775108718317562,4.42278806661425,6,26472.08,205823.3,1,Mixed transitional
WESTERN,Sefwi-Wiawso,0.311810269199366,0.688189730800634,0.0,8.069788245484474,5.091125527996723,6,123346.13,995377.15,0,Root & tuber belt
WESTERN,Sekondi-Takoradi,0.3401648998822144,0.6598351001177857,0.0,9.722240282685513,3.6278776945799716,6,4245.0,41270.91,1,Mixed transitional
WESTERN,Sekondi-Takoradi Municipal (Stma),0.25821304473225204,0.741786955267748,0.0,7.429502410350086,3.941378241822468,6,8737.32,64913.94000000001,1,Mixed transitional
WESTERN,Shama,0.2412467388577076,0.7587532611422922,0.0,11.01808972828985,4.04608799315989,6,11119.570000000002,122516.41999999998,0,Root & tuber belt
WESTERN,Suaman,0.1453662430975983,0.8546337569024017,0.0,9.02594903865345,4.176987874800811,6,15031.0,135669.04,0,Root & tuber belt
WESTERN,Tarkwa Nsuaem,0.3162164194459203,0.6837835805540796,0.0,6.269467170500647,4.55997373808835,6,36305.61,227616.83,1,Mixed transitional
WESTERN,Wassa East,0.14965312190287414,0.8503468780971258,0.0,7.501428571428572,3.8489892062511672,6,7063.0,52982.590000000004,0,Root & tuber belt
